{"cameraMode":{"drawMode":0,"name":"Shaded","section":"Shading Mode"},"sceneLighting":false,"audioPlay":false,"sceneViewState":{"showFog":true,"showMaterialUpdate":false,"showSkybox":false,"showFlares":true,"showImageEffects":true,"showParticleSystems":true},"in2DMode":false,"pivot":{"x":21.065000534057618,"y":-17.125,"z":-100.38262939453125},"rotation":{"x":-0.03982395678758621,"y":0.6172970533370972,"z":0.0313107892870903,"w":0.7850974798202515},"size":543.7767333984375,"orthographic":false}