{"cameraMode":{"drawMode":0,"name":"Shaded","section":"Shading Mode"},"sceneLighting":true,"audioPlay":false,"sceneViewState":{"showFog":true,"showMaterialUpdate":false,"showSkybox":true,"showFlares":true,"showImageEffects":true,"showParticleSystems":true},"in2DMode":false,"pivot":{"x":353.0792541503906,"y":162.60108947753907,"z":113.86457824707031},"rotation":{"x":-0.6090688705444336,"y":0.22498354315757752,"z":-0.18580566346645356,"w":-0.7374915480613709},"size":22.0,"orthographic":false}